pair,spearman_coeff_1900,spearman_coeff_1950,spearman_p_1900,spearman_p_1950
government-politics,-0.19999999999999998,0.7,0.5795840000000001,0.1881204043741873
debate-press,0.3939393939393939,-0.19999999999999998,0.25999776683488757,0.747060078104662
press-speech,0.33333333333333326,-0.8999999999999998,0.34659350708733405,0.03738607346849874
government-news,0.43030303030303024,0.3,0.21449233253280775,0.6238376647810728
government-press,-0.8060606060606059,-0.49999999999999994,0.004862061101964606,0.39100221895577053
politics-speech,0.7939393939393938,0.8999999999999998,0.0060999233136969115,0.03738607346849874
debate-news,0.8666666666666665,0.09999999999999999,0.0011735381801554687,0.8728885715695383
debate-politics,0.9151515151515152,0.8999999999999998,0.0002044724061488323,0.03738607346849874
news-speech,0.49090909090909085,-0.7999999999999999,0.14965567342083677,0.10408803866182788
