pair,spearman_coeff_1900,spearman_coeff_1950,spearman_p_1900,spearman_p_1950
government-politics,-0.05454545454545454,0.09999999999999999,0.8810361811618526,0.8728885715695383
debate-press,0.43030303030303024,0.6,0.21449233253280775,0.28475697986529375
press-speech,0.3939393939393939,-0.7,0.25999776683488757,0.1881204043741873
government-news,0.6484848484848483,0.6,0.04254012768448945,0.28475697986529375
government-press,-0.06666666666666665,0.6,0.8548130882487426,0.28475697986529375
politics-speech,0.6969696969696969,-0.09999999999999999,0.02509667588225183,0.8728885715695383
debate-news,0.5393939393939393,0.39999999999999997,0.1075931877824148,0.5046315754686911
debate-politics,0.9030303030303028,0.7,0.00034361219776328223,0.1881204043741873
news-speech,0.35757575757575755,-0.8999999999999998,0.3103760917056799,0.03738607346849874
